{
    "feedback": [
      {
        "id": 1,
        "rating": 2,
        "feedbackSubject": "dsfsf",
        "feedbackMessage": "alien@cosmos.com"
      },
      {
        "id": 1,
        "rating": 2,
        "feedbackSubject": "dsfsf",
        "feedbackMessage": "alien@cosmos.com"
      }, {
        "id": 1,
        "rating": 2,
        "feedbackSubject": "dsfsf",
        "feedbackMessage": "alien@cosmos.com"
      }, {
        "id": 1,
        "rating": 2,
        "feedbackSubject": "dsfsf",
        "feedbackMessage": "alien@cosmos.com"
      }, {
        "id": 1,
        "rating": 2,
        "feedbackSubject": "dsfsf",
        "feedbackMessage": "alien@cosmos.com"
      }
    ]
  }